{
  "vegan": {
    "precision": 1.0,
    "recall": 1.0,
    "f1-score": 1.0,
    "support": 4
  },
  "vegetarian": {
    "precision": 1.0,
    "recall": 1.0,
    "f1-score": 1.0,
    "support": 5
  },
  "search_ingredients": {
    "precision": 0.5,
    "recall": 0.5,
    "f1-score": 0.5,
    "support": 12
  },
  "gluten_free": {
    "precision": 0.8888888888888888,
    "recall": 1.0,
    "f1-score": 0.9411764705882353,
    "support": 8
  },
  "max_minutes": {
    "precision": 1.0,
    "recall": 0.5,
    "f1-score": 0.6666666666666666,
    "support": 2
  },
  "search_text": {
    "precision": 1.0,
    "recall": 0.2,
    "f1-score": 0.33333333333333337,
    "support": 5
  },
  "max_calories": {
    "precision": 1.0,
    "recall": 1.0,
    "f1-score": 1.0,
    "support": 1
  },
  "avoid_ingredients": {
    "precision": 0.45454545454545453,
    "recall": 0.4166666666666667,
    "f1-score": 0.43478260869565216,
    "support": 12
  },
  "micro avg": {
    "precision": 0.7045454545454546,
    "recall": 0.6326530612244898,
    "f1-score": 0.6666666666666666,
    "support": 49
  },
  "macro avg": {
    "precision": 0.8554292929292929,
    "recall": 0.7020833333333334,
    "f1-score": 0.734494884910486,
    "support": 49
  },
  "weighted avg": {
    "precision": 0.7258297258297258,
    "recall": 0.6326530612244898,
    "f1-score": 0.6478939401847696,
    "support": 49
  }
}