{
  "max_calories": {
    "precision": 1.0,
    "recall": 1.0,
    "f1-score": 1.0,
    "support": 1
  },
  "avoid_ingredients": {
    "precision": 0.125,
    "recall": 0.0625,
    "f1-score": 0.08333333333333333,
    "support": 16
  },
  "gluten_free": {
    "precision": 1.0,
    "recall": 1.0,
    "f1-score": 1.0,
    "support": 2
  },
  "search_text": {
    "precision": 0.0,
    "recall": 0.0,
    "f1-score": 0.0,
    "support": 5
  },
  "vegetarian": {
    "precision": 1.0,
    "recall": 1.0,
    "f1-score": 1.0,
    "support": 5
  },
  "max_minutes": {
    "precision": 1.0,
    "recall": 1.0,
    "f1-score": 1.0,
    "support": 3
  },
  "search_ingredients": {
    "precision": 0.4444444444444444,
    "recall": 0.5,
    "f1-score": 0.47058823529411764,
    "support": 16
  },
  "vegan": {
    "precision": 1.0,
    "recall": 1.0,
    "f1-score": 1.0,
    "support": 2
  },
  "micro avg": {
    "precision": 0.5365853658536586,
    "recall": 0.44,
    "f1-score": 0.4835164835164836,
    "support": 50
  },
  "macro avg": {
    "precision": 0.6961805555555556,
    "recall": 0.6953125,
    "f1-score": 0.6942401960784313,
    "support": 50
  },
  "weighted avg": {
    "precision": 0.44222222222222224,
    "recall": 0.44,
    "f1-score": 0.4372549019607843,
    "support": 50
  }
}