{
  "vegetarian": {
    "precision": 1.0,
    "recall": 1.0,
    "f1-score": 1.0,
    "support": 4
  },
  "gluten_free": {
    "precision": 1.0,
    "recall": 0.8,
    "f1-score": 0.888888888888889,
    "support": 5
  },
  "search_ingredients": {
    "precision": 1.0,
    "recall": 0.7272727272727273,
    "f1-score": 0.8421052631578948,
    "support": 11
  },
  "vegan": {
    "precision": 1.0,
    "recall": 1.0,
    "f1-score": 1.0,
    "support": 1
  },
  "max_minutes": {
    "precision": 1.0,
    "recall": 1.0,
    "f1-score": 1.0,
    "support": 2
  },
  "search_text": {
    "precision": 1.0,
    "recall": 0.6666666666666666,
    "f1-score": 0.8,
    "support": 3
  },
  "max_calories": {
    "precision": 1.0,
    "recall": 1.0,
    "f1-score": 1.0,
    "support": 1
  },
  "avoid_ingredients": {
    "precision": 0.625,
    "recall": 0.7142857142857143,
    "f1-score": 0.6666666666666666,
    "support": 7
  },
  "micro avg": {
    "precision": 0.9,
    "recall": 0.7941176470588235,
    "f1-score": 0.84375,
    "support": 34
  },
  "macro avg": {
    "precision": 0.953125,
    "recall": 0.8635281385281386,
    "f1-score": 0.8997076023391812,
    "support": 34
  },
  "weighted avg": {
    "precision": 0.9227941176470589,
    "recall": 0.7941176470588235,
    "f1-score": 0.8463020295837633,
    "support": 34
  }
}