{
  "vegetarian": {
    "precision": 1.0,
    "recall": 1.0,
    "f1-score": 1.0,
    "support": 5
  },
  "gluten_free": {
    "precision": 1.0,
    "recall": 1.0,
    "f1-score": 1.0,
    "support": 9
  },
  "search_ingredients": {
    "precision": 0.375,
    "recall": 0.23076923076923078,
    "f1-score": 0.2857142857142857,
    "support": 13
  },
  "vegan": {
    "precision": 1.0,
    "recall": 1.0,
    "f1-score": 1.0,
    "support": 4
  },
  "max_minutes": {
    "precision": 1.0,
    "recall": 0.8,
    "f1-score": 0.888888888888889,
    "support": 5
  },
  "search_text": {
    "precision": 1.0,
    "recall": 1.0,
    "f1-score": 1.0,
    "support": 1
  },
  "max_calories": {
    "precision": 1.0,
    "recall": 1.0,
    "f1-score": 1.0,
    "support": 5
  },
  "avoid_ingredients": {
    "precision": 0.125,
    "recall": 0.1,
    "f1-score": 0.11111111111111112,
    "support": 10
  },
  "micro avg": {
    "precision": 0.7272727272727273,
    "recall": 0.6153846153846154,
    "f1-score": 0.6666666666666667,
    "support": 52
  },
  "macro avg": {
    "precision": 0.8125,
    "recall": 0.7663461538461539,
    "f1-score": 0.7857142857142857,
    "support": 52
  },
  "weighted avg": {
    "precision": 0.6754807692307693,
    "recall": 0.6153846153846154,
    "f1-score": 0.6398046398046399,
    "support": 52
  }
}