{
  "max_calories": {
    "precision": 1.0,
    "recall": 1.0,
    "f1-score": 1.0,
    "support": 2
  },
  "avoid_ingredients": {
    "precision": 0.5,
    "recall": 0.6666666666666666,
    "f1-score": 0.5714285714285715,
    "support": 6
  },
  "gluten_free": {
    "precision": 0.8181818181818182,
    "recall": 1.0,
    "f1-score": 0.9,
    "support": 9
  },
  "search_text": {
    "precision": 0.6666666666666666,
    "recall": 0.4,
    "f1-score": 0.5,
    "support": 5
  },
  "vegetarian": {
    "precision": 0.8571428571428571,
    "recall": 1.0,
    "f1-score": 0.923076923076923,
    "support": 6
  },
  "max_minutes": {
    "precision": 1.0,
    "recall": 1.0,
    "f1-score": 1.0,
    "support": 1
  },
  "search_ingredients": {
    "precision": 0.875,
    "recall": 0.3333333333333333,
    "f1-score": 0.48275862068965514,
    "support": 21
  },
  "vegan": {
    "precision": 1.0,
    "recall": 1.0,
    "f1-score": 1.0,
    "support": 6
  },
  "micro avg": {
    "precision": 0.8043478260869565,
    "recall": 0.6607142857142857,
    "f1-score": 0.7254901960784315,
    "support": 56
  },
  "macro avg": {
    "precision": 0.8396239177489178,
    "recall": 0.7999999999999999,
    "f1-score": 0.7971580143993937,
    "support": 56
  },
  "weighted avg": {
    "precision": 0.8252647649969079,
    "recall": 0.6607142857142857,
    "f1-score": 0.6911600714556378,
    "support": 56
  }
}