{
  "en+LanguageModels": [
    [
      0.9041666666666667
    ],
    [
      0.8755050505050506
    ],
    [
      0.893081550802139
    ]
  ],
  "mitie+mitieIC+DIETC": [
    [
      0.8242559523809523
    ],
    [
      0.8738774018379282
    ],
    [
      0.935159632034632
    ]
  ],
  "conveRTT+SKlearn+CRF": [
    [
      0.9319996843434343
    ],
    [
      0.9471906565656566
    ],
    [
      0.9833333333333334
    ]
  ],
  "default_conveRTT": [
    [
      0.9484126984126984
    ],
    [
      1.0
    ],
    [
      0.9674479166666666
    ]
  ],
  "default_en": [
    [
      0.9353174603174603
    ],
    [
      0.9363219246031745
    ],
    [
      0.9350081699346404
    ]
  ],
  "default_mitie": [
    [
      0.7412852588069125
    ],
    [
      0.838202506879945
    ],
    [
      0.8891568991804841
    ]
  ],
  "default_spacy": [
    [
      0.0
    ],
    [
      0.0
    ],
    [
      0.0
    ]
  ],
  "default_supervised": [
    [
      0.8077868475863759
    ],
    [
      0.8932449494949495
    ],
    [
      0.8823638830532212
    ]
  ]
}