{
  "en+LanguageModels": [
    [
      0.8408482142857143
    ],
    [
      0.8603166094911378
    ],
    [
      0.8210227272727273
    ]
  ],
  "mitie+mitieIC+DIETC": [
    [
      0.9334508145363409
    ],
    [
      0.8717803030303031
    ],
    [
      0.8290674603174604
    ]
  ],
  "conveRTT+SKlearn+CRF": [
    [
      0.9355316558441559
    ],
    [
      0.9478851010101011
    ],
    [
      0.9187500000000001
    ]
  ],
  "default_conveRTT": [
    [
      0.9355316558441559
    ],
    [
      0.9659722222222223
    ],
    [
      0.8771381578947369
    ]
  ],
  "default_en": [
    [
      0.9163352272727273
    ],
    [
      0.9648692810457518
    ],
    [
      0.9161003416518124
    ]
  ],
  "default_mitie": [
    [
      0.857979347041847
    ],
    [
      0.799962167070218
    ],
    [
      0.7802801724137932
    ]
  ],
  "default_spacy": [
    [
      0.8397107233044734
    ],
    [
      0.8970572319837027
    ],
    [
      0.7972940162907269
    ]
  ],
  "default_supervised": [
    [
      0.8620628275233538
    ],
    [
      0.8119345238095238
    ],
    [
      0.8261682761682761
    ]
  ]
}