{
  "max_calories": {
    "precision": 1.0,
    "recall": 1.0,
    "f1-score": 1.0,
    "support": 2
  },
  "avoid_ingredients": {
    "precision": 0.5,
    "recall": 0.4,
    "f1-score": 0.4444444444444445,
    "support": 5
  },
  "gluten_free": {
    "precision": 1.0,
    "recall": 1.0,
    "f1-score": 1.0,
    "support": 5
  },
  "search_text": {
    "precision": 1.0,
    "recall": 0.6666666666666666,
    "f1-score": 0.8,
    "support": 3
  },
  "vegetarian": {
    "precision": 1.0,
    "recall": 1.0,
    "f1-score": 1.0,
    "support": 3
  },
  "max_minutes": {
    "precision": 1.0,
    "recall": 1.0,
    "f1-score": 1.0,
    "support": 1
  },
  "search_ingredients": {
    "precision": 1.0,
    "recall": 0.75,
    "f1-score": 0.8571428571428571,
    "support": 12
  },
  "vegan": {
    "precision": 1.0,
    "recall": 1.0,
    "f1-score": 1.0,
    "support": 3
  },
  "micro avg": {
    "precision": 0.9310344827586207,
    "recall": 0.7941176470588235,
    "f1-score": 0.8571428571428571,
    "support": 34
  },
  "macro avg": {
    "precision": 0.9375,
    "recall": 0.8520833333333333,
    "f1-score": 0.8876984126984127,
    "support": 34
  },
  "weighted avg": {
    "precision": 0.9264705882352942,
    "recall": 0.7941176470588235,
    "f1-score": 0.8502334267040149,
    "support": 34
  }
}