{
  "max_calories": {
    "precision": 1.0,
    "recall": 1.0,
    "f1-score": 1.0,
    "support": 4
  },
  "avoid_ingredients": {
    "precision": 0.08333333333333333,
    "recall": 0.3333333333333333,
    "f1-score": 0.13333333333333333,
    "support": 3
  },
  "gluten_free": {
    "precision": 0.8,
    "recall": 1.0,
    "f1-score": 0.888888888888889,
    "support": 4
  },
  "search_text": {
    "precision": 1.0,
    "recall": 0.2857142857142857,
    "f1-score": 0.4444444444444445,
    "support": 7
  },
  "vegetarian": {
    "precision": 1.0,
    "recall": 1.0,
    "f1-score": 1.0,
    "support": 2
  },
  "max_minutes": {
    "precision": 1.0,
    "recall": 0.8,
    "f1-score": 0.888888888888889,
    "support": 5
  },
  "search_ingredients": {
    "precision": 0.8888888888888888,
    "recall": 0.4,
    "f1-score": 0.5517241379310346,
    "support": 20
  },
  "vegan": {
    "precision": 1.0,
    "recall": 1.0,
    "f1-score": 1.0,
    "support": 4
  },
  "micro avg": {
    "precision": 0.6904761904761905,
    "recall": 0.5918367346938775,
    "f1-score": 0.6373626373626373,
    "support": 49
  },
  "macro avg": {
    "precision": 0.8465277777777778,
    "recall": 0.7273809523809524,
    "f1-score": 0.7384099616858237,
    "support": 49
  },
  "weighted avg": {
    "precision": 0.8821995464852607,
    "recall": 0.5918367346938775,
    "f1-score": 0.6641957932598327,
    "support": 49
  }
}