{
  "vegetarian": {
    "precision": 1.0,
    "recall": 1.0,
    "f1-score": 1.0,
    "support": 7
  },
  "gluten_free": {
    "precision": 1.0,
    "recall": 1.0,
    "f1-score": 1.0,
    "support": 13
  },
  "search_ingredients": {
    "precision": 0.75,
    "recall": 0.35294117647058826,
    "f1-score": 0.48,
    "support": 17
  },
  "vegan": {
    "precision": 1.0,
    "recall": 1.0,
    "f1-score": 1.0,
    "support": 2
  },
  "max_minutes": {
    "precision": 1.0,
    "recall": 1.0,
    "f1-score": 1.0,
    "support": 2
  },
  "search_text": {
    "precision": 1.0,
    "recall": 1.0,
    "f1-score": 1.0,
    "support": 3
  },
  "max_calories": {
    "precision": 1.0,
    "recall": 1.0,
    "f1-score": 1.0,
    "support": 1
  },
  "avoid_ingredients": {
    "precision": 0.3076923076923077,
    "recall": 0.5,
    "f1-score": 0.380952380952381,
    "support": 8
  },
  "micro avg": {
    "precision": 0.7755102040816326,
    "recall": 0.7169811320754716,
    "f1-score": 0.7450980392156863,
    "support": 53
  },
  "macro avg": {
    "precision": 0.8822115384615384,
    "recall": 0.8566176470588236,
    "f1-score": 0.8576190476190476,
    "support": 53
  },
  "weighted avg": {
    "precision": 0.8153120464441219,
    "recall": 0.7169811320754716,
    "f1-score": 0.7397663971248877,
    "support": 53
  }
}