{
  "vegan": {
    "precision": 1.0,
    "recall": 1.0,
    "f1-score": 1.0,
    "support": 2
  },
  "vegetarian": {
    "precision": 1.0,
    "recall": 1.0,
    "f1-score": 1.0,
    "support": 3
  },
  "search_ingredients": {
    "precision": 0.8888888888888888,
    "recall": 0.8888888888888888,
    "f1-score": 0.8888888888888888,
    "support": 9
  },
  "gluten_free": {
    "precision": 1.0,
    "recall": 0.75,
    "f1-score": 0.8571428571428571,
    "support": 4
  },
  "max_minutes": {
    "precision": 1.0,
    "recall": 1.0,
    "f1-score": 1.0,
    "support": 2
  },
  "search_text": {
    "precision": 0.0,
    "recall": 0.0,
    "f1-score": 0.0,
    "support": 3
  },
  "max_calories": {
    "precision": 1.0,
    "recall": 1.0,
    "f1-score": 1.0,
    "support": 1
  },
  "avoid_ingredients": {
    "precision": 0.875,
    "recall": 0.7777777777777778,
    "f1-score": 0.823529411764706,
    "support": 9
  },
  "micro avg": {
    "precision": 0.9285714285714286,
    "recall": 0.7878787878787878,
    "f1-score": 0.8524590163934426,
    "support": 33
  },
  "macro avg": {
    "precision": 0.8454861111111112,
    "recall": 0.8020833333333333,
    "f1-score": 0.8211951447245565,
    "support": 33
  },
  "weighted avg": {
    "precision": 0.8446969696969697,
    "recall": 0.7878787878787878,
    "f1-score": 0.8133435192258723,
    "support": 33
  }
}