{
  "max_calories": {
    "precision": 1.0,
    "recall": 1.0,
    "f1-score": 1.0,
    "support": 1
  },
  "avoid_ingredients": {
    "precision": 0.4,
    "recall": 0.16666666666666666,
    "f1-score": 0.23529411764705882,
    "support": 12
  },
  "gluten_free": {
    "precision": 1.0,
    "recall": 1.0,
    "f1-score": 1.0,
    "support": 1
  },
  "search_text": {
    "precision": 0.0,
    "recall": 0.0,
    "f1-score": 0.0,
    "support": 3
  },
  "vegetarian": {
    "precision": 1.0,
    "recall": 1.0,
    "f1-score": 1.0,
    "support": 3
  },
  "max_minutes": {
    "precision": 1.0,
    "recall": 1.0,
    "f1-score": 1.0,
    "support": 3
  },
  "search_ingredients": {
    "precision": 0.7142857142857143,
    "recall": 0.625,
    "f1-score": 0.6666666666666666,
    "support": 8
  },
  "vegan": {
    "precision": 1.0,
    "recall": 1.0,
    "f1-score": 1.0,
    "support": 1
  },
  "micro avg": {
    "precision": 0.7619047619047619,
    "recall": 0.5,
    "f1-score": 0.6037735849056604,
    "support": 32
  },
  "macro avg": {
    "precision": 0.7642857142857142,
    "recall": 0.7239583333333334,
    "f1-score": 0.7377450980392157,
    "support": 32
  },
  "weighted avg": {
    "precision": 0.6098214285714286,
    "recall": 0.5,
    "f1-score": 0.5361519607843137,
    "support": 32
  }
}