{
  "vegetarian": {
    "precision": 1.0,
    "recall": 1.0,
    "f1-score": 1.0,
    "support": 3
  },
  "gluten_free": {
    "precision": 0.0,
    "recall": 0.0,
    "f1-score": 0.0,
    "support": 3
  },
  "search_ingredients": {
    "precision": 1.0,
    "recall": 0.5,
    "f1-score": 0.6666666666666666,
    "support": 8
  },
  "vegan": {
    "precision": 1.0,
    "recall": 1.0,
    "f1-score": 1.0,
    "support": 2
  },
  "max_minutes": {
    "precision": 1.0,
    "recall": 0.8,
    "f1-score": 0.888888888888889,
    "support": 5
  },
  "search_text": {
    "precision": 1.0,
    "recall": 1.0,
    "f1-score": 1.0,
    "support": 1
  },
  "max_calories": {
    "precision": 1.0,
    "recall": 1.0,
    "f1-score": 1.0,
    "support": 5
  },
  "avoid_ingredients": {
    "precision": 0.8,
    "recall": 0.4444444444444444,
    "f1-score": 0.5714285714285714,
    "support": 9
  },
  "micro avg": {
    "precision": 0.9583333333333334,
    "recall": 0.6388888888888888,
    "f1-score": 0.7666666666666666,
    "support": 36
  },
  "macro avg": {
    "precision": 0.85,
    "recall": 0.7180555555555556,
    "f1-score": 0.7658730158730158,
    "support": 36
  },
  "weighted avg": {
    "precision": 0.8666666666666667,
    "recall": 0.6388888888888888,
    "f1-score": 0.7200176366843033,
    "support": 36
  }
}