{
  "vegan": {
    "precision": 1.0,
    "recall": 1.0,
    "f1-score": 1.0,
    "support": 2
  },
  "vegetarian": {
    "precision": 1.0,
    "recall": 1.0,
    "f1-score": 1.0,
    "support": 5
  },
  "search_ingredients": {
    "precision": 0.75,
    "recall": 0.5454545454545454,
    "f1-score": 0.631578947368421,
    "support": 11
  },
  "gluten_free": {
    "precision": 1.0,
    "recall": 1.0,
    "f1-score": 1.0,
    "support": 4
  },
  "max_minutes": {
    "precision": 1.0,
    "recall": 1.0,
    "f1-score": 1.0,
    "support": 2
  },
  "search_text": {
    "precision": 0.0,
    "recall": 0.0,
    "f1-score": 0.0,
    "support": 4
  },
  "max_calories": {
    "precision": 1.0,
    "recall": 1.0,
    "f1-score": 1.0,
    "support": 1
  },
  "avoid_ingredients": {
    "precision": 0.7142857142857143,
    "recall": 0.5,
    "f1-score": 0.588235294117647,
    "support": 10
  },
  "micro avg": {
    "precision": 0.8620689655172413,
    "recall": 0.6410256410256411,
    "f1-score": 0.7352941176470588,
    "support": 39
  },
  "macro avg": {
    "precision": 0.8080357142857143,
    "recall": 0.7556818181818181,
    "f1-score": 0.7774767801857585,
    "support": 39
  },
  "weighted avg": {
    "precision": 0.7536630036630036,
    "recall": 0.6410256410256411,
    "f1-score": 0.6879415733904898,
    "support": 39
  }
}