{
  "max_calories": {
    "precision": 1.0,
    "recall": 1.0,
    "f1-score": 1.0,
    "support": 1
  },
  "avoid_ingredients": {
    "precision": 0.25,
    "recall": 0.08333333333333333,
    "f1-score": 0.125,
    "support": 12
  },
  "gluten_free": {
    "precision": 1.0,
    "recall": 1.0,
    "f1-score": 1.0,
    "support": 2
  },
  "search_text": {
    "precision": 0.0,
    "recall": 0.0,
    "f1-score": 0.0,
    "support": 3
  },
  "vegetarian": {
    "precision": 1.0,
    "recall": 1.0,
    "f1-score": 1.0,
    "support": 5
  },
  "max_minutes": {
    "precision": 1.0,
    "recall": 1.0,
    "f1-score": 1.0,
    "support": 3
  },
  "search_ingredients": {
    "precision": 0.8181818181818182,
    "recall": 0.75,
    "f1-score": 0.7826086956521738,
    "support": 12
  },
  "vegan": {
    "precision": 1.0,
    "recall": 1.0,
    "f1-score": 1.0,
    "support": 1
  },
  "micro avg": {
    "precision": 0.8148148148148148,
    "recall": 0.5641025641025641,
    "f1-score": 0.6666666666666667,
    "support": 39
  },
  "macro avg": {
    "precision": 0.7585227272727273,
    "recall": 0.7291666666666666,
    "f1-score": 0.7384510869565217,
    "support": 39
  },
  "weighted avg": {
    "precision": 0.6363636363636365,
    "recall": 0.5641025641025641,
    "f1-score": 0.5869565217391304,
    "support": 39
  }
}