{
  "max_calories": {
    "precision": 1.0,
    "recall": 1.0,
    "f1-score": 1.0,
    "support": 4
  },
  "avoid_ingredients": {
    "precision": 0.6,
    "recall": 1.0,
    "f1-score": 0.7499999999999999,
    "support": 3
  },
  "gluten_free": {
    "precision": 1.0,
    "recall": 1.0,
    "f1-score": 1.0,
    "support": 2
  },
  "search_text": {
    "precision": 1.0,
    "recall": 0.3333333333333333,
    "f1-score": 0.5,
    "support": 6
  },
  "vegetarian": {
    "precision": 1.0,
    "recall": 1.0,
    "f1-score": 1.0,
    "support": 2
  },
  "max_minutes": {
    "precision": 1.0,
    "recall": 0.8,
    "f1-score": 0.888888888888889,
    "support": 5
  },
  "search_ingredients": {
    "precision": 1.0,
    "recall": 0.4,
    "f1-score": 0.5714285714285715,
    "support": 15
  },
  "vegan": {
    "precision": 1.0,
    "recall": 1.0,
    "f1-score": 1.0,
    "support": 2
  },
  "micro avg": {
    "precision": 0.9259259259259259,
    "recall": 0.6410256410256411,
    "f1-score": 0.7575757575757577,
    "support": 39
  },
  "macro avg": {
    "precision": 0.95,
    "recall": 0.8166666666666667,
    "f1-score": 0.8387896825396826,
    "support": 39
  },
  "weighted avg": {
    "precision": 0.9692307692307691,
    "recall": 0.6410256410256411,
    "f1-score": 0.7247659747659748,
    "support": 39
  }
}