{
  "vegetarian": {
    "precision": 1.0,
    "recall": 1.0,
    "f1-score": 1.0,
    "support": 7
  },
  "gluten_free": {
    "precision": 1.0,
    "recall": 1.0,
    "f1-score": 1.0,
    "support": 7
  },
  "search_ingredients": {
    "precision": 1.0,
    "recall": 0.5,
    "f1-score": 0.6666666666666666,
    "support": 14
  },
  "vegan": {
    "precision": 1.0,
    "recall": 1.0,
    "f1-score": 1.0,
    "support": 1
  },
  "max_minutes": {
    "precision": 1.0,
    "recall": 1.0,
    "f1-score": 1.0,
    "support": 2
  },
  "search_text": {
    "precision": 1.0,
    "recall": 0.6666666666666666,
    "f1-score": 0.8,
    "support": 3
  },
  "max_calories": {
    "precision": 1.0,
    "recall": 1.0,
    "f1-score": 1.0,
    "support": 1
  },
  "avoid_ingredients": {
    "precision": 0.7142857142857143,
    "recall": 0.7142857142857143,
    "f1-score": 0.7142857142857143,
    "support": 7
  },
  "micro avg": {
    "precision": 0.9411764705882353,
    "recall": 0.7619047619047619,
    "f1-score": 0.8421052631578947,
    "support": 42
  },
  "macro avg": {
    "precision": 0.9642857142857143,
    "recall": 0.8601190476190477,
    "f1-score": 0.8976190476190475,
    "support": 42
  },
  "weighted avg": {
    "precision": 0.9523809523809523,
    "recall": 0.7619047619047619,
    "f1-score": 0.826984126984127,
    "support": 42
  }
}