{
  "vegetarian": {
    "precision": 1.0,
    "recall": 1.0,
    "f1-score": 1.0,
    "support": 4
  },
  "gluten_free": {
    "precision": 1.0,
    "recall": 1.0,
    "f1-score": 1.0,
    "support": 5
  },
  "search_ingredients": {
    "precision": 1.0,
    "recall": 0.8181818181818182,
    "f1-score": 0.9,
    "support": 11
  },
  "vegan": {
    "precision": 1.0,
    "recall": 1.0,
    "f1-score": 1.0,
    "support": 1
  },
  "max_minutes": {
    "precision": 1.0,
    "recall": 1.0,
    "f1-score": 1.0,
    "support": 2
  },
  "search_text": {
    "precision": 1.0,
    "recall": 1.0,
    "f1-score": 1.0,
    "support": 3
  },
  "max_calories": {
    "precision": 1.0,
    "recall": 1.0,
    "f1-score": 1.0,
    "support": 1
  },
  "avoid_ingredients": {
    "precision": 0.75,
    "recall": 0.8571428571428571,
    "f1-score": 0.7999999999999999,
    "support": 7
  },
  "micro avg": {
    "precision": 0.9393939393939394,
    "recall": 0.9117647058823529,
    "f1-score": 0.9253731343283583,
    "support": 34
  },
  "macro avg": {
    "precision": 0.96875,
    "recall": 0.9594155844155845,
    "f1-score": 0.9624999999999999,
    "support": 34
  },
  "weighted avg": {
    "precision": 0.9485294117647058,
    "recall": 0.9117647058823529,
    "f1-score": 0.9264705882352942,
    "support": 34
  }
}