{
  "vegan": {
    "precision": 1.0,
    "recall": 1.0,
    "f1-score": 1.0,
    "support": 2
  },
  "vegetarian": {
    "precision": 1.0,
    "recall": 1.0,
    "f1-score": 1.0,
    "support": 3
  },
  "search_ingredients": {
    "precision": 0.7,
    "recall": 0.7777777777777778,
    "f1-score": 0.7368421052631577,
    "support": 9
  },
  "gluten_free": {
    "precision": 1.0,
    "recall": 1.0,
    "f1-score": 1.0,
    "support": 4
  },
  "max_minutes": {
    "precision": 1.0,
    "recall": 0.5,
    "f1-score": 0.6666666666666666,
    "support": 2
  },
  "search_text": {
    "precision": 0.0,
    "recall": 0.0,
    "f1-score": 0.0,
    "support": 3
  },
  "max_calories": {
    "precision": 1.0,
    "recall": 1.0,
    "f1-score": 1.0,
    "support": 1
  },
  "avoid_ingredients": {
    "precision": 0.7777777777777778,
    "recall": 0.7777777777777778,
    "f1-score": 0.7777777777777778,
    "support": 9
  },
  "micro avg": {
    "precision": 0.8064516129032258,
    "recall": 0.7575757575757576,
    "f1-score": 0.7812499999999999,
    "support": 33
  },
  "macro avg": {
    "precision": 0.8097222222222222,
    "recall": 0.7569444444444444,
    "f1-score": 0.7726608187134503,
    "support": 33
  },
  "weighted avg": {
    "precision": 0.7666666666666667,
    "recall": 0.7575757575757576,
    "f1-score": 0.7565124933545986,
    "support": 33
  }
}