{
  "max_calories": {
    "precision": 1.0,
    "recall": 1.0,
    "f1-score": 1.0,
    "support": 1
  },
  "avoid_ingredients": {
    "precision": 0.6666666666666666,
    "recall": 0.6666666666666666,
    "f1-score": 0.6666666666666666,
    "support": 12
  },
  "gluten_free": {
    "precision": 1.0,
    "recall": 1.0,
    "f1-score": 1.0,
    "support": 1
  },
  "search_text": {
    "precision": 0.0,
    "recall": 0.0,
    "f1-score": 0.0,
    "support": 3
  },
  "vegetarian": {
    "precision": 1.0,
    "recall": 1.0,
    "f1-score": 1.0,
    "support": 3
  },
  "max_minutes": {
    "precision": 1.0,
    "recall": 1.0,
    "f1-score": 1.0,
    "support": 3
  },
  "search_ingredients": {
    "precision": 0.4444444444444444,
    "recall": 0.5,
    "f1-score": 0.47058823529411764,
    "support": 8
  },
  "vegan": {
    "precision": 1.0,
    "recall": 1.0,
    "f1-score": 1.0,
    "support": 1
  },
  "micro avg": {
    "precision": 0.6774193548387096,
    "recall": 0.65625,
    "f1-score": 0.6666666666666667,
    "support": 32
  },
  "macro avg": {
    "precision": 0.7638888888888888,
    "recall": 0.7708333333333333,
    "f1-score": 0.767156862745098,
    "support": 32
  },
  "weighted avg": {
    "precision": 0.6423611111111112,
    "recall": 0.65625,
    "f1-score": 0.6488970588235294,
    "support": 32
  }
}