{
  "max_calories": {
    "precision": 0.5,
    "recall": 1.0,
    "f1-score": 0.6666666666666666,
    "support": 1
  },
  "avoid_ingredients": {
    "precision": 0.8571428571428571,
    "recall": 1.0,
    "f1-score": 0.923076923076923,
    "support": 12
  },
  "gluten_free": {
    "precision": 1.0,
    "recall": 1.0,
    "f1-score": 1.0,
    "support": 1
  },
  "search_text": {
    "precision": 0.3333333333333333,
    "recall": 0.6666666666666666,
    "f1-score": 0.4444444444444444,
    "support": 3
  },
  "vegetarian": {
    "precision": 1.0,
    "recall": 1.0,
    "f1-score": 1.0,
    "support": 3
  },
  "max_minutes": {
    "precision": 1.0,
    "recall": 1.0,
    "f1-score": 1.0,
    "support": 3
  },
  "search_ingredients": {
    "precision": 0.8888888888888888,
    "recall": 1.0,
    "f1-score": 0.9411764705882353,
    "support": 8
  },
  "vegan": {
    "precision": 1.0,
    "recall": 1.0,
    "f1-score": 1.0,
    "support": 1
  },
  "micro avg": {
    "precision": 0.7948717948717948,
    "recall": 0.96875,
    "f1-score": 0.8732394366197183,
    "support": 32
  },
  "macro avg": {
    "precision": 0.8224206349206349,
    "recall": 0.9583333333333333,
    "f1-score": 0.8719205630970337,
    "support": 32
  },
  "weighted avg": {
    "precision": 0.8405257936507936,
    "recall": 0.96875,
    "f1-score": 0.8939479638009049,
    "support": 32
  }
}