{
  "max_calories": {
    "precision": 1.0,
    "recall": 1.0,
    "f1-score": 1.0,
    "support": 4
  },
  "avoid_ingredients": {
    "precision": 0.1,
    "recall": 0.3333333333333333,
    "f1-score": 0.15384615384615383,
    "support": 3
  },
  "gluten_free": {
    "precision": 1.0,
    "recall": 1.0,
    "f1-score": 1.0,
    "support": 2
  },
  "search_text": {
    "precision": 1.0,
    "recall": 0.3333333333333333,
    "f1-score": 0.5,
    "support": 6
  },
  "vegetarian": {
    "precision": 1.0,
    "recall": 1.0,
    "f1-score": 1.0,
    "support": 2
  },
  "max_minutes": {
    "precision": 1.0,
    "recall": 1.0,
    "f1-score": 1.0,
    "support": 5
  },
  "search_ingredients": {
    "precision": 0.75,
    "recall": 0.4,
    "f1-score": 0.5217391304347827,
    "support": 15
  },
  "vegan": {
    "precision": 1.0,
    "recall": 1.0,
    "f1-score": 1.0,
    "support": 2
  },
  "micro avg": {
    "precision": 0.6857142857142857,
    "recall": 0.6153846153846154,
    "f1-score": 0.6486486486486486,
    "support": 39
  },
  "macro avg": {
    "precision": 0.85625,
    "recall": 0.7583333333333333,
    "f1-score": 0.7719481605351171,
    "support": 39
  },
  "weighted avg": {
    "precision": 0.8346153846153845,
    "recall": 0.6153846153846154,
    "f1-score": 0.674041677386159,
    "support": 39
  }
}