{
  "vegetarian": {
    "precision": 1.0,
    "recall": 1.0,
    "f1-score": 1.0,
    "support": 7
  },
  "gluten_free": {
    "precision": 1.0,
    "recall": 1.0,
    "f1-score": 1.0,
    "support": 7
  },
  "search_ingredients": {
    "precision": 0.7272727272727273,
    "recall": 0.5714285714285714,
    "f1-score": 0.64,
    "support": 14
  },
  "vegan": {
    "precision": 1.0,
    "recall": 1.0,
    "f1-score": 1.0,
    "support": 1
  },
  "max_minutes": {
    "precision": 1.0,
    "recall": 1.0,
    "f1-score": 1.0,
    "support": 2
  },
  "search_text": {
    "precision": 1.0,
    "recall": 1.0,
    "f1-score": 1.0,
    "support": 3
  },
  "max_calories": {
    "precision": 1.0,
    "recall": 1.0,
    "f1-score": 1.0,
    "support": 1
  },
  "avoid_ingredients": {
    "precision": 0.4,
    "recall": 0.5714285714285714,
    "f1-score": 0.47058823529411764,
    "support": 7
  },
  "micro avg": {
    "precision": 0.7857142857142857,
    "recall": 0.7857142857142857,
    "f1-score": 0.7857142857142857,
    "support": 42
  },
  "macro avg": {
    "precision": 0.8909090909090909,
    "recall": 0.8928571428571428,
    "f1-score": 0.8888235294117648,
    "support": 42
  },
  "weighted avg": {
    "precision": 0.8090909090909092,
    "recall": 0.7857142857142857,
    "f1-score": 0.7917647058823528,
    "support": 42
  }
}