{
  "max_calories": {
    "precision": 1.0,
    "recall": 1.0,
    "f1-score": 1.0,
    "support": 1
  },
  "avoid_ingredients": {
    "precision": 0.25,
    "recall": 0.08333333333333333,
    "f1-score": 0.125,
    "support": 12
  },
  "gluten_free": {
    "precision": 0.5,
    "recall": 1.0,
    "f1-score": 0.6666666666666666,
    "support": 2
  },
  "search_text": {
    "precision": 1.0,
    "recall": 0.3333333333333333,
    "f1-score": 0.5,
    "support": 3
  },
  "vegetarian": {
    "precision": 1.0,
    "recall": 1.0,
    "f1-score": 1.0,
    "support": 5
  },
  "max_minutes": {
    "precision": 1.0,
    "recall": 1.0,
    "f1-score": 1.0,
    "support": 3
  },
  "search_ingredients": {
    "precision": 0.45,
    "recall": 0.75,
    "f1-score": 0.5625000000000001,
    "support": 12
  },
  "vegan": {
    "precision": 1.0,
    "recall": 1.0,
    "f1-score": 1.0,
    "support": 1
  },
  "micro avg": {
    "precision": 0.5897435897435898,
    "recall": 0.5897435897435898,
    "f1-score": 0.5897435897435898,
    "support": 39
  },
  "macro avg": {
    "precision": 0.775,
    "recall": 0.7708333333333333,
    "f1-score": 0.7317708333333333,
    "support": 39
  },
  "weighted avg": {
    "precision": 0.5743589743589743,
    "recall": 0.5897435897435898,
    "f1-score": 0.5405982905982907,
    "support": 39
  }
}