{
  "vegan": {
    "precision": 1.0,
    "recall": 1.0,
    "f1-score": 1.0,
    "support": 2
  },
  "vegetarian": {
    "precision": 1.0,
    "recall": 1.0,
    "f1-score": 1.0,
    "support": 5
  },
  "search_ingredients": {
    "precision": 0.38461538461538464,
    "recall": 0.45454545454545453,
    "f1-score": 0.41666666666666663,
    "support": 11
  },
  "gluten_free": {
    "precision": 1.0,
    "recall": 1.0,
    "f1-score": 1.0,
    "support": 4
  },
  "max_minutes": {
    "precision": 1.0,
    "recall": 1.0,
    "f1-score": 1.0,
    "support": 2
  },
  "search_text": {
    "precision": 0.0,
    "recall": 0.0,
    "f1-score": 0.0,
    "support": 4
  },
  "max_calories": {
    "precision": 1.0,
    "recall": 1.0,
    "f1-score": 1.0,
    "support": 1
  },
  "avoid_ingredients": {
    "precision": 0.36363636363636365,
    "recall": 0.4,
    "f1-score": 0.380952380952381,
    "support": 10
  },
  "micro avg": {
    "precision": 0.6052631578947368,
    "recall": 0.5897435897435898,
    "f1-score": 0.5974025974025974,
    "support": 39
  },
  "macro avg": {
    "precision": 0.7185314685314685,
    "recall": 0.7318181818181818,
    "f1-score": 0.7247023809523809,
    "support": 39
  },
  "weighted avg": {
    "precision": 0.5606957145418684,
    "recall": 0.5897435897435898,
    "f1-score": 0.5741758241758241,
    "support": 39
  }
}