{
  "max_calories": {
    "precision": 1.0,
    "recall": 1.0,
    "f1-score": 1.0,
    "support": 2
  },
  "avoid_ingredients": {
    "precision": 0.8333333333333334,
    "recall": 1.0,
    "f1-score": 0.9090909090909091,
    "support": 5
  },
  "gluten_free": {
    "precision": 1.0,
    "recall": 1.0,
    "f1-score": 1.0,
    "support": 3
  },
  "search_text": {
    "precision": 1.0,
    "recall": 0.6666666666666666,
    "f1-score": 0.8,
    "support": 3
  },
  "vegetarian": {
    "precision": 1.0,
    "recall": 1.0,
    "f1-score": 1.0,
    "support": 3
  },
  "max_minutes": {
    "precision": 1.0,
    "recall": 1.0,
    "f1-score": 1.0,
    "support": 1
  },
  "search_ingredients": {
    "precision": 0.9166666666666666,
    "recall": 0.9166666666666666,
    "f1-score": 0.9166666666666666,
    "support": 12
  },
  "vegan": {
    "precision": 1.0,
    "recall": 1.0,
    "f1-score": 1.0,
    "support": 3
  },
  "micro avg": {
    "precision": 0.9375,
    "recall": 0.9375,
    "f1-score": 0.9375,
    "support": 32
  },
  "macro avg": {
    "precision": 0.96875,
    "recall": 0.9479166666666666,
    "f1-score": 0.9532196969696969,
    "support": 32
  },
  "weighted avg": {
    "precision": 0.9427083333333334,
    "recall": 0.9375,
    "f1-score": 0.9357954545454545,
    "support": 32
  }
}