{
  "vegetarian": {
    "precision": 1.0,
    "recall": 1.0,
    "f1-score": 1.0,
    "support": 3
  },
  "gluten_free": {
    "precision": 1.0,
    "recall": 1.0,
    "f1-score": 1.0,
    "support": 3
  },
  "search_ingredients": {
    "precision": 0.8,
    "recall": 0.5,
    "f1-score": 0.6153846153846154,
    "support": 8
  },
  "vegan": {
    "precision": 1.0,
    "recall": 1.0,
    "f1-score": 1.0,
    "support": 2
  },
  "max_minutes": {
    "precision": 1.0,
    "recall": 0.8,
    "f1-score": 0.888888888888889,
    "support": 5
  },
  "search_text": {
    "precision": 1.0,
    "recall": 1.0,
    "f1-score": 1.0,
    "support": 1
  },
  "max_calories": {
    "precision": 1.0,
    "recall": 1.0,
    "f1-score": 1.0,
    "support": 5
  },
  "avoid_ingredients": {
    "precision": 0.75,
    "recall": 0.6666666666666666,
    "f1-score": 0.7058823529411765,
    "support": 9
  },
  "micro avg": {
    "precision": 0.9032258064516129,
    "recall": 0.7777777777777778,
    "f1-score": 0.835820895522388,
    "support": 36
  },
  "macro avg": {
    "precision": 0.94375,
    "recall": 0.8708333333333333,
    "f1-score": 0.9012694821518351,
    "support": 36
  },
  "weighted avg": {
    "precision": 0.8930555555555555,
    "recall": 0.7777777777777778,
    "f1-score": 0.8255684039997766,
    "support": 36
  }
}