{
  "max_calories": {
    "precision": 1.0,
    "recall": 1.0,
    "f1-score": 1.0,
    "support": 2
  },
  "avoid_ingredients": {
    "precision": 0.3076923076923077,
    "recall": 0.6666666666666666,
    "f1-score": 0.42105263157894735,
    "support": 6
  },
  "gluten_free": {
    "precision": 1.0,
    "recall": 1.0,
    "f1-score": 1.0,
    "support": 5
  },
  "search_text": {
    "precision": 1.0,
    "recall": 0.5,
    "f1-score": 0.6666666666666666,
    "support": 4
  },
  "vegetarian": {
    "precision": 1.0,
    "recall": 1.0,
    "f1-score": 1.0,
    "support": 6
  },
  "max_minutes": {
    "precision": 1.0,
    "recall": 1.0,
    "f1-score": 1.0,
    "support": 1
  },
  "search_ingredients": {
    "precision": 0.75,
    "recall": 0.47368421052631576,
    "f1-score": 0.5806451612903226,
    "support": 19
  },
  "vegan": {
    "precision": 1.0,
    "recall": 1.0,
    "f1-score": 1.0,
    "support": 3
  },
  "micro avg": {
    "precision": 0.7272727272727273,
    "recall": 0.6956521739130435,
    "f1-score": 0.711111111111111,
    "support": 46
  },
  "macro avg": {
    "precision": 0.8822115384615384,
    "recall": 0.8300438596491229,
    "f1-score": 0.8335455574419921,
    "support": 46
  },
  "weighted avg": {
    "precision": 0.806438127090301,
    "recall": 0.6956521739130435,
    "f1-score": 0.7222878374055756,
    "support": 46
  }
}