{
  "vegetarian": {
    "precision": 1.0,
    "recall": 1.0,
    "f1-score": 1.0,
    "support": 5
  },
  "gluten_free": {
    "precision": 1.0,
    "recall": 1.0,
    "f1-score": 1.0,
    "support": 5
  },
  "search_ingredients": {
    "precision": 0.5555555555555556,
    "recall": 0.35714285714285715,
    "f1-score": 0.43478260869565216,
    "support": 14
  },
  "vegan": {
    "precision": 1.0,
    "recall": 1.0,
    "f1-score": 1.0,
    "support": 2
  },
  "max_minutes": {
    "precision": 1.0,
    "recall": 1.0,
    "f1-score": 1.0,
    "support": 5
  },
  "search_text": {
    "precision": 1.0,
    "recall": 1.0,
    "f1-score": 1.0,
    "support": 1
  },
  "max_calories": {
    "precision": 1.0,
    "recall": 1.0,
    "f1-score": 1.0,
    "support": 5
  },
  "avoid_ingredients": {
    "precision": 0.45454545454545453,
    "recall": 0.5555555555555556,
    "f1-score": 0.5,
    "support": 9
  },
  "micro avg": {
    "precision": 0.7674418604651163,
    "recall": 0.717391304347826,
    "f1-score": 0.7415730337078652,
    "support": 46
  },
  "macro avg": {
    "precision": 0.8762626262626263,
    "recall": 0.8640873015873016,
    "f1-score": 0.8668478260869565,
    "support": 46
  },
  "weighted avg": {
    "precision": 0.7580149319279753,
    "recall": 0.717391304347826,
    "f1-score": 0.7301512287334593,
    "support": 46
  }
}